flasher_cmds,pos_cmd_0s,pos_cmd_1s
7,0.20479999999999995,0.20987999999999998
7,0.40479999999999994,0.20987999999999998
7,0.20479999999999995,0.40988
7,0.40479999999999994,0.40988
