flasher_cmds,pos_cmd_0s,pos_cmd_1s
7,0.39999919999999994,0.22999699999999998
7,0.2999991999999999,0.329997
7,0.4999992,0.329997
7,0.39999919999999994,0.22999699999999998
7,0.4999992,0.12999699999999997
7,0.2999991999999999,0.12999699999999997
7,0.39999919999999994,0.22999699999999998
