flasher_cmds,pos_cmd_0s,pos_cmd_1s
1,0.19999939999999997,0.12999699999999997
1,0.3999994,0.12999699999999997
1,0.19999939999999997,0.329997
1,0.3999994,0.329997
