flasher_cmds,pos_cmd_0s,pos_cmd_1s
7,0.19999939999999997,0.14999949999999998
7,0.3999994,0.14999949999999998
7,0.19999939999999997,0.3499995
7,0.3999994,0.3499995
