sw_0,sw_1,nw_0,nw_1,se_0,se_1,ne_0,ne_1,w,h
0.05731,0.057,0.05731,0.5525999999999999,0.5525,0.057,0.5525,0.5525999999999999,0.0695,0.0602