sw_0,sw_1,nw_0,nw_1,se_0,se_1,ne_0,ne_1,w,h
0.05731,0.054,0.05731,0.5960114,0.5525,0.054,0.5525,0.5960114,0.0493,0.0443
