sw_0,sw_1,nw_0,nw_1,se_0,se_1,ne_0,ne_1,w,h
0.05573,0.054,0.05573,0.5359099999999999,0.5535,0.054,0.5535,0.5359099999999999,0.0493,0.0443
