sw_0,sw_1,nw_0,nw_1,se_0,se_1,ne_0,ne_1,w,h
0,0,0,0.174625,0.225425,0,0.225425,0.174625,.034,.033