sw_0,sw_1,nw_0,nw_1,se_0,se_1,ne_0,ne_1,w,h
0.05731,0.054,0.05731,0.445999,0.5525,0.054,0.5525,0.445999,0.0697,0.0601
